sender_account_number,total_transactions,avg_transaction_amount,total_successful_transactions,total_failed_transactions,success_rate,discretionary_spend,avg_payment_mode,CIBIL_Score,Predicted_CIBIL_Score
ACC100904554219,1,7973.51,1,0,1.0,0,0.0,679.7351,679.7794939999994
ACC101159832013,1,5356.56,0,1,0.0,0,2.0,303.5656,303.4699500000003
ACC103555738056,1,7745.18,1,0,1.0,0,4.0,677.4518,677.4301730000002
ACC103688162335,1,8621.49,0,1,0.0,0,4.0,336.2149,336.20895799999977
ACC104549157362,1,8458.75,1,0,1.0,0,0.0,684.5875,684.6195320000002
ACC105208542282,1,4928.55,0,1,0.0,0,4.0,300.0,300.0
ACC106872241548,1,5654.21,1,0,1.0,0,1.0,656.5421,656.5461129999994
ACC107271408586,1,7941.07,0,1,0.0,0,1.0,329.4107,329.4938540000003
ACC108380776294,1,2402.64,1,0,1.0,0,1.0,624.0264,623.8987000000008
ACC109127820229,1,1692.11,1,0,1.0,0,2.0,616.9211,616.8702459999997
ACC109519365525,1,9179.98,1,0,1.0,0,2.0,691.7998,691.8863570000003
ACC110222533244,1,6809.22,0,1,0.0,0,1.0,318.0922,318.03137599999945
ACC111455006687,1,1449.48,1,0,1.0,0,3.0,614.4948,614.4987120000002
ACC111729686645,1,3134.48,1,0,1.0,0,0.0,631.3448,631.3896339999995
ACC114435762739,1,5782.33,1,0,1.0,0,5.0,657.8233,657.8435110000003
ACC115458562590,1,833.84,1,0,1.0,0,2.0,608.3384,608.3366530000002
ACC116572370425,1,7492.06,1,0,1.0,0,3.0,674.9206,674.9124119999996
ACC119085381121,1,9387.54,0,1,0.0,0,1.0,343.8754,343.9252240000002
ACC119695222090,1,606.35,0,1,0.0,0,3.0,300.0,300.0
ACC119810749473,1,4877.46,1,0,1.0,0,5.0,648.7746,648.7737299999994
ACC122081799232,1,4442.99,0,1,0.0,0,2.0,300.0,300.0
ACC122413914913,1,5960.7,1,0,1.0,0,1.0,659.607,659.6187120000011
ACC122814015976,1,8421.85,1,0,1.0,0,1.0,684.2185,684.1368310000005
ACC124577385043,1,879.28,0,1,0.0,0,4.0,300.0,300.0
ACC127136982712,1,941.32,1,0,1.0,0,1.0,609.4132,609.4813120000006
ACC127866807914,1,7521.98,0,1,0.0,0,3.0,325.21979999999996,325.21418100000034
ACC127993598131,1,897.3,1,0,1.0,0,2.0,608.973,608.8573299999993
ACC128136076278,1,3636.83,0,1,0.0,0,3.0,300.0,300.0
ACC131233106572,1,6914.52,1,0,1.0,0,4.0,669.1452,669.1601129999995
ACC132819566497,1,925.0,0,1,0.0,0,1.0,300.0,300.0
ACC132835168046,1,6943.29,0,1,0.0,0,4.0,319.4329,319.50791399999963
ACC133491405726,1,5631.57,0,1,0.0,0,0.0,306.3157,306.2359569999997
ACC133886850743,1,2915.38,0,1,0.0,0,4.0,300.0,300.0
ACC134703684013,1,107.97,0,1,0.0,0,1.0,300.0,300.0
ACC135241290710,1,8386.58,1,0,1.0,0,2.0,683.8658,683.8893929999999
ACC138283229281,1,5185.07,1,0,1.0,0,5.0,651.8507,651.8640270000008
ACC139363267347,1,119.76,1,0,1.0,0,5.0,601.1976,601.3259279999999
ACC140486891799,1,62.41,0,1,0.0,0,0.0,300.0,300.0
ACC141616027056,1,4749.16,1,0,1.0,0,1.0,647.4916,647.4265420000004
ACC141777054125,1,5393.18,0,1,0.0,0,2.0,303.9318,304.06516000000016
ACC142454488738,1,9059.24,0,1,0.0,0,3.0,340.5924,340.6258190000003
ACC143384744964,1,207.21,1,0,1.0,0,5.0,602.0721,602.1873819999994
ACC145090496078,1,8261.63,1,0,1.0,0,5.0,682.6163,682.6967460000005
ACC145641959866,1,4081.57,0,1,0.0,0,5.0,300.0,300.0
ACC145707481193,1,1877.42,1,0,1.0,0,0.0,618.7742,618.8588989999994
ACC145717339502,1,8078.75,1,0,1.0,0,3.0,680.7875,680.5973569999996
ACC147417472261,1,9803.47,0,1,0.0,0,2.0,348.0347,348.01384899999977
ACC147987325267,1,7812.57,0,1,0.0,0,3.0,328.1257,328.08291000000025
ACC148049976183,1,4305.01,1,0,1.0,0,4.0,643.0501,643.1098270000003
ACC148275325177,1,9270.16,1,0,1.0,0,4.0,692.7016,692.6277709999998
ACC149478273338,1,7620.81,0,1,0.0,0,2.0,326.2081,326.2335229999997
ACC151329139602,1,8840.17,1,0,1.0,0,5.0,688.4017,688.3710520000005
ACC153832094928,1,3641.32,1,0,1.0,0,4.0,636.4132,636.4278930000004
ACC154541010583,1,5083.35,1,0,1.0,0,3.0,650.8335,650.8671360000004
ACC155167934849,1,4341.63,0,1,0.0,0,3.0,300.0,300.0
ACC155369470739,1,3547.18,0,1,0.0,0,1.0,300.0,300.0
ACC156064840673,1,5733.03,0,1,0.0,0,3.0,307.33029999999997,307.2779010000002
ACC157551673552,1,6950.22,0,1,0.0,0,1.0,319.5022,319.5176829999998
ACC158919470915,1,8237.33,1,0,1.0,0,1.0,682.3733,682.3683199999994
ACC162289435258,1,815.69,0,1,0.0,0,3.0,300.0,300.0
ACC164233654608,1,4617.58,1,0,1.0,0,2.0,646.1758,646.2872289999998
ACC165052677741,1,9659.17,0,1,0.0,0,3.0,346.5917,346.7969680000001
ACC165638350853,1,9257.32,1,0,1.0,0,5.0,692.5732,692.5646879999995
ACC166809555561,1,52.91,0,1,0.0,0,5.0,300.0,300.0
ACC167178769001,1,5534.85,0,1,0.0,0,5.0,305.3485,305.372307
ACC169111862116,1,7560.28,0,1,0.0,0,3.0,325.6028,325.62745400000034
ACC169317361110,1,5879.87,1,0,1.0,0,1.0,658.7987,658.6414129999997
ACC170446539383,1,8878.31,1,0,1.0,0,1.0,688.7831,688.8342739999998
ACC171970631273,1,4206.74,0,1,0.0,0,2.0,300.0,300.0
ACC172849144537,1,5088.31,1,0,1.0,0,0.0,650.8831,650.8395729999996
ACC173159781243,1,5609.88,0,1,0.0,0,1.0,306.0988,306.12101100000024
ACC174619928346,1,6262.69,0,1,0.0,0,2.0,312.6269,312.67639799999966
ACC175070383728,1,9763.9,1,0,1.0,0,3.0,697.639,697.7551519999994
ACC175384089376,1,8046.16,1,0,1.0,0,5.0,680.4616,680.4684880000007
ACC175666295749,1,8502.7,1,0,1.0,0,2.0,685.027,684.9747070000006
ACC175823458599,1,9627.87,1,0,1.0,0,3.0,696.2787000000001,696.4131810000006
ACC176287253243,1,196.53,1,0,1.0,0,3.0,601.9653,602.0169449999993
ACC177775347100,1,9300.75,0,1,0.0,0,2.0,343.0075,342.983383
ACC178407079360,1,1921.65,0,1,0.0,0,0.0,300.0,300.0
ACC179409935597,1,3286.01,0,1,0.0,0,0.0,300.0,300.0
ACC180677325350,1,8704.2,0,1,0.0,0,5.0,337.04200000000003,337.06699100000014
ACC183080269322,1,5216.74,0,1,0.0,0,0.0,302.1674,302.1646909999996
ACC184020818776,1,1234.07,0,1,0.0,0,5.0,300.0,300.0
ACC184658631877,1,2139.43,0,1,0.0,0,1.0,300.0,300.0
ACC186896125569,1,3098.53,0,1,0.0,0,4.0,300.0,300.0
ACC187048343355,1,9969.76,0,1,0.0,0,5.0,349.6976,349.4224839999999
ACC188434359112,1,1148.83,0,1,0.0,0,3.0,300.0,300.0
ACC188661856464,1,4276.9,0,1,0.0,0,2.0,300.0,300.0
ACC189761921481,1,1778.58,0,1,0.0,0,1.0,300.0,300.0
ACC193165119369,1,3384.39,1,0,1.0,0,3.0,633.8439,633.8386240000001
ACC193355032191,1,4512.17,0,1,0.0,0,0.0,300.0,300.0
ACC193372479869,1,1499.53,1,0,1.0,0,3.0,614.9953,615.0187010000002
ACC193980197358,1,1187.77,1,0,1.0,0,3.0,611.8777,611.8690649999994
ACC194229874192,1,5087.64,0,1,0.0,0,4.0,300.8764,300.985838
ACC194290374296,1,4050.04,1,0,1.0,0,5.0,640.5004,640.4236499999996
ACC196162936340,1,8333.63,0,1,0.0,0,2.0,333.3363,333.31759399999993
ACC197418070354,1,3238.86,0,1,0.0,0,3.0,300.0,300.0
ACC197533558513,1,4492.25,1,0,1.0,0,3.0,644.9225,644.9299280000007
ACC197614739639,1,7210.27,1,0,1.0,0,3.0,672.1027,672.0664000000012
ACC197979865249,1,6509.32,0,1,0.0,0,0.0,315.0932,315.07715999999965
ACC200938747981,1,7451.83,1,0,1.0,0,3.0,674.5183,674.6027940000007
ACC202387467923,1,2840.47,1,0,1.0,0,5.0,628.4047,628.3995340000009
ACC202892889058,1,2348.12,0,1,0.0,0,2.0,300.0,300.0
ACC203138459612,1,3426.43,1,0,1.0,0,0.0,634.2643,634.2160690000005
ACC203236505737,1,4131.93,1,0,1.0,0,5.0,641.3193,641.4341200000006
ACC204004152676,1,2693.3,1,0,1.0,0,1.0,626.933,626.9711189999994
ACC204021065906,1,2799.28,1,0,1.0,0,0.0,627.9928,627.9700530000003
ACC204539628257,1,4451.99,1,0,1.0,0,4.0,644.5199,644.7142919999995
ACC205105940708,1,6087.22,1,0,1.0,0,4.0,660.8722,660.7914659999997
ACC205886061044,1,2304.58,1,0,1.0,0,0.0,623.0458,623.172983
ACC206460863962,1,832.25,0,1,0.0,0,1.0,300.0,300.0
ACC207700723780,1,1350.02,0,1,0.0,0,3.0,300.0,300.0
ACC208274640561,1,6501.65,1,0,1.0,0,4.0,665.0165,665.0295929999993
ACC208822848861,1,4318.84,0,1,0.0,0,2.0,300.0,300.0
ACC209493804803,1,3978.8,1,0,1.0,0,0.0,639.788,639.7333990000003
ACC210115140702,1,4497.8,1,0,1.0,0,4.0,644.978,644.9655420000008
ACC211315232515,1,5320.68,0,1,0.0,0,1.0,303.2068,303.24866899999995
ACC211955571803,1,4980.99,0,1,0.0,0,4.0,300.0,300.0
ACC212839541125,1,4773.43,0,1,0.0,0,0.0,300.0,300.0
ACC213497453675,1,388.89,0,1,0.0,0,0.0,300.0,300.0
ACC214314774790,1,2610.17,1,0,1.0,0,5.0,626.1017,626.0265179999994
ACC214910620088,1,4787.8,1,0,1.0,0,4.0,647.878,647.7309359999992
ACC218497515094,1,8713.25,1,0,1.0,0,3.0,687.1324999999999,687.3382140000001
ACC220289006225,1,8883.41,1,0,1.0,0,5.0,688.8341,688.8279930000001
ACC221712897832,1,5084.85,1,0,1.0,0,2.0,650.8485000000001,650.872637
ACC223625138285,1,8887.02,1,0,1.0,0,1.0,688.8702000000001,688.8953179999996
ACC223628121723,1,5707.75,0,1,0.0,0,4.0,307.0775,307.10406999999975
ACC223885248716,1,411.41,0,1,0.0,0,4.0,300.0,300.0
ACC224038061752,1,7473.35,1,0,1.0,0,5.0,674.7335,674.7883220000007
ACC225067108502,1,7192.84,1,0,1.0,0,5.0,671.9284,671.9276149999992
ACC225272056791,1,6198.21,0,1,0.0,0,2.0,311.9821,311.9570690000002
ACC225285015327,1,2305.61,0,1,0.0,0,1.0,300.0,300.0
ACC225897454845,1,1383.63,1,0,1.0,0,5.0,613.8363,613.8058810000001
ACC226741576288,1,9447.17,1,0,1.0,0,5.0,694.4717,694.5177390000005
ACC226780587087,1,4725.98,1,0,1.0,0,2.0,647.2598,647.2553229999999
ACC227387383698,1,1947.98,1,0,1.0,0,4.0,619.4798,619.4776109999999
ACC228374546668,1,8386.79,1,0,1.0,0,0.0,683.8679,683.9400800000002
ACC228521862871,1,5018.96,0,1,0.0,0,1.0,300.1896,300.04917600000005
ACC229037103898,1,8347.34,1,0,1.0,0,2.0,683.4734,683.5604510000011
ACC229761920168,1,6903.01,0,1,0.0,0,4.0,319.0301,319.149581
ACC230616835714,1,831.66,0,1,0.0,0,5.0,300.0,300.0
ACC230700063390,1,6754.12,0,1,0.0,0,4.0,317.5412,317.54712399999977
ACC233445170828,1,8182.51,0,1,0.0,0,0.0,331.8251,332.07055700000075
ACC233767544070,1,4633.67,1,0,1.0,0,0.0,646.3367,646.3401359999998
ACC233962669785,1,1717.57,0,1,0.0,0,5.0,300.0,300.0
ACC235198825877,1,2560.09,1,0,1.0,0,2.0,625.6009,625.55695
ACC235336750270,1,5394.25,1,0,1.0,0,5.0,653.9425,653.9110529999992
ACC236239348251,1,6353.61,0,1,0.0,0,0.0,313.5361,313.5208360000003
ACC241315053927,1,2943.9,1,0,1.0,0,5.0,629.439,629.6142949999995
ACC242801431011,1,2007.05,1,0,1.0,0,0.0,620.0705,620.1016560000008
ACC244409409243,1,4225.27,1,0,1.0,0,5.0,642.2527,642.2158379999992
ACC244670180253,1,8519.69,0,1,0.0,0,4.0,335.1969,335.18343599999986
ACC245315391144,1,4875.04,1,0,1.0,0,2.0,648.7504,648.7164199999994
ACC246283235980,1,7733.11,1,0,1.0,0,2.0,677.3311,677.3683250000006
ACC247353388162,1,9351.42,1,0,1.0,0,3.0,693.5142,693.5226339999997
ACC247431074766,1,3096.43,1,0,1.0,0,4.0,630.9643,631.1473449999997
ACC248187220210,1,1635.62,1,0,1.0,0,1.0,616.3562,616.4571320000005
ACC252100998542,1,323.5,0,1,0.0,0,4.0,300.0,300.0
ACC253044397064,1,6717.82,1,0,1.0,0,0.0,667.1782000000001,667.1168309999995
ACC253366701269,1,1908.03,0,1,0.0,0,2.0,300.0,300.0
ACC253988980086,1,3863.62,1,0,1.0,0,0.0,638.6362,638.7023220000002
ACC254512953105,1,9098.57,1,0,1.0,0,0.0,690.9857,691.0378919999993
ACC254936939236,1,8454.33,1,0,1.0,0,1.0,684.5433,684.5688749999998
ACC255085948523,1,3453.88,0,1,0.0,0,3.0,300.0,300.0
ACC255168113301,1,6011.12,1,0,1.0,0,0.0,660.1112,660.1180999999996
ACC256221021750,1,7437.19,0,1,0.0,0,1.0,324.3719,324.4514279999994
ACC256819677576,1,6965.03,0,1,0.0,0,1.0,319.6503,319.5989620000002
ACC257196685647,1,2125.92,1,0,1.0,0,2.0,621.2592,621.2390330000004
ACC258172263957,1,4558.31,1,0,1.0,0,3.0,645.5831000000001,645.4221910000007
ACC258986316777,1,7118.21,1,0,1.0,0,4.0,671.1821,671.1848699999994
ACC259373195831,1,6065.08,0,1,0.0,0,4.0,310.6508,310.6627999999997
ACC259469326547,1,6629.06,0,1,0.0,0,5.0,316.2906,316.24681699999985
ACC259572666925,1,804.78,1,0,1.0,0,2.0,608.0478,608.1387050000002
ACC261523580648,1,9713.61,1,0,1.0,0,1.0,697.1360999999999,697.1625990000009
ACC262407591348,1,9491.39,0,1,0.0,0,2.0,344.9139,345.05677200000036
ACC263915383425,1,3209.4,0,1,0.0,0,1.0,300.0,300.0
ACC265134241896,1,5820.03,0,1,0.0,0,4.0,308.20029999999997,308.3904820000003
ACC265576415741,1,4070.71,0,1,0.0,0,4.0,300.0,300.0
ACC266198378586,1,9338.7,0,1,0.0,0,2.0,343.387,343.420234
ACC266219497038,1,9183.15,0,1,0.0,0,5.0,341.8315,341.877808
ACC267447163678,1,4314.33,0,1,0.0,0,0.0,300.0,300.0
ACC268094741952,1,3696.78,1,0,1.0,0,0.0,636.9678,636.7863259999997
ACC269026436758,1,7418.2,1,0,1.0,0,4.0,674.182,674.1496570000007
ACC269157552522,1,9920.21,1,0,1.0,0,5.0,699.2021,698.9077690000003
ACC270164199355,1,6435.43,1,0,1.0,0,5.0,664.3543,664.5867899999993
ACC270246457455,1,5382.42,1,0,1.0,0,2.0,653.8242,653.8255180000008
ACC271424891855,1,7539.19,1,0,1.0,0,2.0,675.3919,675.3654090000007
ACC275251070104,1,7108.96,0,1,0.0,0,1.0,321.0896,320.95268099999953
ACC275450661319,1,9187.6,1,0,1.0,0,0.0,691.876,691.9407029999996
ACC276970748245,1,963.07,1,0,1.0,0,4.0,609.6307,609.6377510000005
ACC277740070440,1,1348.63,0,1,0.0,0,1.0,300.0,300.0
ACC278003570462,1,2429.55,0,1,0.0,0,4.0,300.0,300.0
ACC278088294834,1,3646.33,1,0,1.0,0,0.0,636.4633,636.5004030000006
ACC278969600138,1,5708.05,1,0,1.0,0,2.0,657.0805,656.8832669999995
ACC279465778178,1,5507.21,0,1,0.0,0,0.0,305.0721,305.1761730000003
ACC280609018883,1,4698.01,0,1,0.0,0,5.0,300.0,300.0
ACC281446026675,1,1560.45,0,1,0.0,0,2.0,300.0,300.0
ACC281511321169,1,7396.52,0,1,0.0,0,5.0,323.9652,323.99935399999976
ACC282424832037,1,8150.93,0,1,0.0,0,3.0,331.5093,331.75828200000046
ACC282951872056,1,2927.88,1,0,1.0,0,3.0,629.2788,629.4308449999994
ACC284413280328,1,655.58,1,0,1.0,0,2.0,606.5558,606.4677110000002
ACC285848055365,1,3025.56,0,1,0.0,0,0.0,300.0,300.0
ACC285910957095,1,2991.89,1,0,1.0,0,1.0,629.9189,629.9201080000001
ACC285999572285,1,4520.79,1,0,1.0,0,5.0,645.2079,645.1852610000008
ACC286974679189,1,2862.77,1,0,1.0,0,2.0,628.6277,628.5932089999993
ACC286985918023,1,1889.3,1,0,1.0,0,4.0,618.893,618.911613999999
ACC287525043152,1,2162.0,0,1,0.0,0,2.0,300.0,300.0
ACC287560800579,1,784.57,0,1,0.0,0,3.0,300.0,300.0
ACC287686375945,1,1817.26,0,1,0.0,0,1.0,300.0,300.0
ACC287739919058,1,7796.49,0,1,0.0,0,1.0,327.9649,328.08365299999986
ACC288826377457,1,9882.36,0,1,0.0,0,4.0,348.8236,348.7514450000001
ACC289041395060,1,6784.64,0,1,0.0,0,3.0,317.8464,317.77987899999954
ACC291113243553,1,1083.03,1,0,1.0,0,3.0,610.8303,610.8149290000006
ACC291334068758,1,931.42,0,1,0.0,0,4.0,300.0,300.0
ACC292394999072,1,4331.01,0,1,0.0,0,4.0,300.0,300.0
ACC292866816429,1,1969.87,0,1,0.0,0,0.0,300.0,300.0
ACC293067906367,1,4625.84,1,0,1.0,0,1.0,646.2584,646.2837799999996
ACC294678372420,1,7016.75,0,1,0.0,0,2.0,320.1675,320.3027399999998
ACC295253141675,1,5662.43,0,1,0.0,0,5.0,306.6243,306.78839200000004
ACC295543054013,1,8048.79,0,1,0.0,0,1.0,330.48789999999997,330.402934
ACC297341096526,1,8939.32,0,1,0.0,0,0.0,339.3932,339.40978599999943
ACC298930507909,1,5019.5,0,1,0.0,0,4.0,300.195,300.04382000000004
ACC299802196124,1,3482.94,0,1,0.0,0,1.0,300.0,300.0
ACC300307625119,1,7526.74,0,1,0.0,0,4.0,325.2674,325.3261120000004
ACC300352164379,1,2798.64,1,0,1.0,0,5.0,627.9864,628.0028500000009
ACC301725949710,1,8292.67,0,1,0.0,0,4.0,332.9267,332.9507729999999
ACC301972121031,1,7208.31,1,0,1.0,0,3.0,672.0831000000001,672.0585600000013
ACC302026465272,1,9728.26,1,0,1.0,0,3.0,697.2826,697.2512099999999
ACC305265016360,1,8480.36,1,0,1.0,0,3.0,684.8036,684.8169959999994
ACC305599565027,1,3141.64,1,0,1.0,0,0.0,631.4164,631.421854
ACC306035077175,1,147.28,1,0,1.0,0,1.0,601.4728,601.4793880000004
ACC307513100315,1,4439.17,0,1,0.0,0,1.0,300.0,300.0
ACC309097234092,1,1677.78,1,0,1.0,0,1.0,616.7778,616.7272900000006
ACC309556557501,1,2817.13,0,1,0.0,0,0.0,300.0,300.0
ACC309970982611,1,3083.11,0,1,0.0,0,3.0,300.0,300.0
ACC310618040135,1,2992.07,1,0,1.0,0,1.0,629.9207,629.9201080000001
ACC312227180967,1,7303.33,0,1,0.0,0,0.0,323.0333,322.9681089999997
ACC312299570525,1,5735.98,1,0,1.0,0,1.0,657.3598,657.2638969999994
ACC313411945600,1,5342.67,0,1,0.0,0,4.0,303.4267,303.433592
ACC316138728288,1,2988.39,1,0,1.0,0,0.0,629.8839,629.9186600000003
ACC316714576731,1,3171.21,0,1,0.0,0,2.0,300.0,300.0
ACC317099702663,1,4422.84,1,0,1.0,0,0.0,644.2284,644.161299
ACC317821878329,1,2003.44,0,1,0.0,0,5.0,300.0,300.0
ACC319241887418,1,2497.73,0,1,0.0,0,2.0,300.0,300.0
ACC319774260951,1,2195.46,0,1,0.0,0,5.0,300.0,300.0
ACC320007132634,1,2601.88,1,0,1.0,0,1.0,626.0188,626.0076069999997
ACC321177634053,1,3937.82,1,0,1.0,0,2.0,639.3782,639.3737169999998
ACC322078935089,1,1250.94,1,0,1.0,0,3.0,612.5094,612.2479710000007
ACC324268356820,1,6337.52,1,0,1.0,0,5.0,663.3752,663.3690770000003
ACC324963122454,1,7090.83,1,0,1.0,0,4.0,670.9083,671.0007800000004
ACC325014033485,1,4634.98,0,1,0.0,0,4.0,300.0,300.0
ACC325120971535,1,8459.41,1,0,1.0,0,2.0,684.5941,684.6089090000004
ACC326031558926,1,7716.86,1,0,1.0,0,5.0,677.1686,677.1931709999996
ACC327309776617,1,4831.85,1,0,1.0,0,1.0,648.3185,648.4306770000003
ACC327648934773,1,885.96,0,1,0.0,0,5.0,300.0,300.0
ACC330345623259,1,4425.36,0,1,0.0,0,1.0,300.0,300.0
ACC333658275605,1,5007.08,1,0,1.0,0,3.0,650.0708,649.9095539999996
ACC334951445912,1,6922.74,0,1,0.0,0,0.0,319.2274,319.31170999999983
ACC335634351348,1,3657.19,0,1,0.0,0,4.0,300.0,300.0
ACC335800909019,1,2819.8,1,0,1.0,0,0.0,628.198,628.1695960000006
ACC336650090828,1,4736.57,1,0,1.0,0,3.0,647.3657,647.308972
ACC336797950309,1,2206.37,0,1,0.0,0,1.0,300.0,300.0
ACC336972762181,1,7359.56,1,0,1.0,0,1.0,673.5956,673.624417
ACC337312445197,1,5506.69,1,0,1.0,0,4.0,655.0669,655.0430899999996
ACC338046720323,1,7539.73,0,1,0.0,0,5.0,325.3973,325.3860080000004
ACC338323049948,1,8406.82,0,1,0.0,0,3.0,334.0682,333.9332469999997
ACC338850759082,1,7625.02,1,0,1.0,0,5.0,676.2502,676.0448120000005
ACC339133547513,1,7082.05,1,0,1.0,0,5.0,670.8205,670.8930510000006
ACC340122122796,1,2679.91,0,1,0.0,0,3.0,300.0,300.0
ACC341861712192,1,1147.33,0,1,0.0,0,0.0,300.0,300.0
ACC343159756351,1,960.93,1,0,1.0,0,0.0,609.6093,609.5889009999996
ACC343594995979,1,2693.6,1,0,1.0,0,0.0,626.936,626.9765130000001
ACC344457377362,1,2592.58,0,1,0.0,0,2.0,300.0,300.0
ACC345004109902,1,2183.28,1,0,1.0,0,1.0,621.8328,621.8644269999987
ACC346436613004,1,4184.35,0,1,0.0,0,2.0,300.0,300.0
ACC346952164567,1,9547.55,1,0,1.0,0,5.0,695.4755,695.4582359999997
ACC347666510131,1,1569.48,1,0,1.0,0,4.0,615.6948,615.6488659999997
ACC349411650962,1,6891.11,0,1,0.0,0,1.0,318.9111,318.7925510000003
ACC349815117613,1,6762.37,0,1,0.0,0,4.0,317.6237,317.6029049999999
ACC351248764171,1,5285.0,0,1,0.0,0,2.0,302.85,302.8340909999996
ACC351554306992,1,8012.26,1,0,1.0,0,1.0,680.1226,679.9849820000001
ACC352591119104,1,2831.18,1,0,1.0,0,4.0,628.3118,628.3601480000011
ACC354397820848,1,6462.28,1,0,1.0,0,1.0,664.6228,664.6107369999991
ACC354818767966,1,5298.9,1,0,1.0,0,2.0,652.989,653.0521170000004
ACC354992186113,1,8899.56,1,0,1.0,0,2.0,688.9956,688.9926079999999
ACC355378920371,1,6668.64,0,1,0.0,0,1.0,316.6864,316.5850829999995
ACC356708746439,1,5886.75,0,1,0.0,0,3.0,308.8675,308.8729760000003
ACC357107291878,1,5340.76,0,1,0.0,0,3.0,303.4076,303.4078349999998
ACC358081408437,1,8764.13,1,0,1.0,0,5.0,687.6413,687.6627450000008
ACC358977465419,1,6963.2,0,1,0.0,0,0.0,319.632,319.5032520000001
ACC359066913873,1,2482.85,0,1,0.0,0,0.0,300.0,300.0
ACC360021839853,1,3303.44,1,0,1.0,0,2.0,633.0344,633.0633909999993
ACC360271528499,1,645.44,1,0,1.0,0,5.0,606.4544,606.490223
ACC362554713189,1,6874.84,1,0,1.0,0,2.0,668.7484,668.817653999999
ACC362790826833,1,8164.03,1,0,1.0,0,2.0,681.6403,681.8130410000007
ACC363643468932,1,7276.08,0,1,0.0,0,1.0,322.7608,322.752272
ACC364293585973,1,7381.98,1,0,1.0,0,3.0,673.8198,673.7838460000004
ACC364460295774,1,6301.23,0,1,0.0,0,5.0,313.0123,312.9728639999996
ACC364513066496,1,4846.6,0,1,0.0,0,2.0,300.0,300.0
ACC367101392028,1,940.55,1,0,1.0,0,2.0,609.4055,609.4786540000006
ACC367912591688,1,3600.45,0,1,0.0,0,4.0,300.0,300.0
ACC368043100387,1,6478.99,0,1,0.0,0,1.0,314.7899,314.82932599999987
ACC368094146097,1,416.52,0,1,0.0,0,0.0,300.0,300.0
ACC368431093991,1,1462.49,0,1,0.0,0,4.0,300.0,300.0
ACC369019400441,1,8182.42,1,0,1.0,0,1.0,681.8242,681.8504910000009
ACC370009426994,1,7082.16,0,1,0.0,0,1.0,320.8216,320.7998659999995
ACC370901858239,1,9420.46,0,1,0.0,0,5.0,344.20459999999997,344.19394000000017
ACC371073572837,1,3513.34,0,1,0.0,0,0.0,300.0,300.0
ACC371569701703,1,573.26,1,0,1.0,0,1.0,605.7326,605.8177380000004
ACC371884263234,1,2176.92,0,1,0.0,0,3.0,300.0,300.0
ACC372151021159,1,6709.46,1,0,1.0,0,1.0,667.0946,667.0312709999998
ACC373290909296,1,6871.18,0,1,0.0,0,1.0,318.7118,318.71440200000023
ACC373834964507,1,1214.37,1,0,1.0,0,5.0,612.1437,612.1679000000001
ACC374306112371,1,6136.91,0,1,0.0,0,1.0,311.3691,311.29889999999983
ACC374969681802,1,5096.87,0,1,0.0,0,1.0,300.9687,301.134464
ACC376167768438,1,3271.87,1,0,1.0,0,1.0,632.7187,632.8352059999994
ACC376184474339,1,5567.92,0,1,0.0,0,1.0,305.6792,305.6605649999998
ACC376423665592,1,5346.75,1,0,1.0,0,3.0,653.4675,653.5246629999997
ACC376775937563,1,2580.58,0,1,0.0,0,4.0,300.0,300.0
ACC377861154504,1,8878.72,1,0,1.0,0,5.0,688.7872,688.8279930000001
ACC380318235185,1,8292.08,0,1,0.0,0,3.0,332.9208,332.9541019999999
ACC381817464963,1,422.72,1,0,1.0,0,0.0,604.2272,604.3692050000004
ACC383547378202,1,8980.12,1,0,1.0,0,5.0,689.8012,689.6558010000012
ACC384899315144,1,3645.72,1,0,1.0,0,1.0,636.4572000000001,636.4657839999996
ACC385730976125,1,7332.98,1,0,1.0,0,4.0,673.3298,673.4464339999997
ACC386486973815,1,7576.12,0,1,0.0,0,5.0,325.76120000000003,325.70558100000045
ACC386534812306,1,7507.6,0,1,0.0,0,5.0,325.076,325.1549800000004
ACC387201133858,1,9037.65,0,1,0.0,0,5.0,340.37649999999996,340.657455
ACC388095209379,1,5414.78,1,0,1.0,0,0.0,654.1478,654.1400409999997
ACC388432887825,1,2830.13,0,1,0.0,0,3.0,300.0,300.0
ACC389152240599,1,745.17,1,0,1.0,0,5.0,607.4517,607.6890199999996
ACC390838499464,1,3171.74,1,0,1.0,0,2.0,631.7174,631.6823380000003
ACC391446109369,1,857.82,0,1,0.0,0,4.0,300.0,300.0
ACC394567818580,1,1078.85,1,0,1.0,0,0.0,610.7885,610.8375400000006
ACC394608097697,1,6019.41,1,0,1.0,0,3.0,660.1941,660.183412
ACC394819502174,1,5184.66,0,1,0.0,0,3.0,301.84659999999997,301.98978300000016
ACC395301598274,1,4070.01,1,0,1.0,0,1.0,640.7001,640.6711600000004
ACC395513845178,1,2132.1,1,0,1.0,0,0.0,621.321,621.2534040000008
ACC395974319742,1,2878.78,0,1,0.0,0,2.0,300.0,300.0
ACC398286095967,1,8395.02,1,0,1.0,0,2.0,683.9502,683.9387169999999
ACC399078093802,1,9370.2,0,1,0.0,0,2.0,343.702,343.67359200000027
ACC399168026792,1,9355.93,0,1,0.0,0,1.0,343.5593,343.60215700000043
ACC399675599088,1,244.95,0,1,0.0,0,2.0,300.0,300.0
ACC401606783276,1,8922.46,1,0,1.0,0,4.0,689.2246,689.1741740000004
ACC402266910842,1,6897.83,1,0,1.0,0,0.0,668.9783,669.102514
ACC402816664463,1,4893.31,0,1,0.0,0,1.0,300.0,300.0
ACC403907525663,1,5664.69,0,1,0.0,0,5.0,306.6469,306.78839200000004
ACC404147652061,1,3924.18,0,1,0.0,0,0.0,300.0,300.0
ACC404539047466,1,3988.36,0,1,0.0,0,4.0,300.0,300.0
ACC406152726771,1,9051.21,0,1,0.0,0,3.0,340.5121,340.56335500000006
ACC406334006563,1,4364.03,1,0,1.0,0,1.0,643.6403,643.7105569999999
ACC406460251396,1,7071.57,0,1,0.0,0,5.0,320.71569999999997,320.74906599999986
ACC406928306765,1,773.65,0,1,0.0,0,0.0,300.0,300.0
ACC408487204440,1,444.96,1,0,1.0,0,2.0,604.4496,604.4075560000002
ACC408516998365,1,1294.91,0,1,0.0,0,1.0,300.0,300.0
ACC408624483891,1,7887.15,0,1,0.0,0,3.0,328.87149999999997,328.67602300000004
ACC409457210768,1,1986.35,1,0,1.0,0,5.0,619.8635,619.88532
ACC411461861180,1,1407.43,1,0,1.0,0,1.0,614.0743,614.0986020000001
ACC411663448233,1,4438.23,0,1,0.0,0,1.0,300.0,300.0
ACC411921806340,1,4974.69,1,0,1.0,0,1.0,649.7469,649.4588919999994
ACC411989440708,1,1300.86,1,0,1.0,0,5.0,613.0086,613.1239400000004
ACC413234906187,1,5353.97,0,1,0.0,0,4.0,303.5397,303.49885500000016
ACC413943417438,1,1670.37,1,0,1.0,0,2.0,616.7037,616.7313189999995
ACC414072298842,1,1133.94,0,1,0.0,0,1.0,300.0,300.0
ACC415930012649,1,4201.85,1,0,1.0,0,1.0,642.0185,642.0331479999992
ACC415971471958,1,8972.91,1,0,1.0,0,4.0,689.7291,689.6621690000013
ACC416266656633,1,4739.79,0,1,0.0,0,0.0,300.0,300.0
ACC417456192940,1,6383.43,0,1,0.0,0,5.0,313.8343,313.6845219999998
ACC419381232634,1,362.25,1,0,1.0,0,2.0,603.6225,603.6043879999994
ACC419469460031,1,8481.84,1,0,1.0,0,2.0,684.8184,684.8409419999994
ACC420747603678,1,3177.46,1,0,1.0,0,5.0,631.7746,631.6878859999995
ACC421839582012,1,7153.52,1,0,1.0,0,5.0,671.5352,671.4308499999993
ACC422099605354,1,9555.51,1,0,1.0,0,1.0,695.5551,695.5840029999996
ACC424454712551,1,7238.25,1,0,1.0,0,1.0,672.3824999999999,672.3854170000002
ACC426062269369,1,2102.58,0,1,0.0,0,3.0,300.0,300.0
ACC428675730434,1,1479.1,1,0,1.0,0,1.0,614.791,614.8429859999993
ACC429095081839,1,3901.88,0,1,0.0,0,2.0,300.0,300.0
ACC430082245295,1,129.82,0,1,0.0,0,5.0,300.0,300.0
ACC430796196767,1,5365.46,1,0,1.0,0,0.0,653.6546,653.7083610000009
ACC431095148318,1,2440.85,0,1,0.0,0,2.0,300.0,300.0
ACC432256284879,1,3519.1,1,0,1.0,0,2.0,635.191,635.1623999999994
ACC432447895833,1,7753.47,1,0,1.0,0,2.0,677.5347,677.4998679999995
ACC432668929415,1,3377.38,0,1,0.0,0,3.0,300.0,300.0
ACC433780125109,1,8563.64,0,1,0.0,0,0.0,335.6364,335.49442199999976
ACC434349844332,1,4974.46,0,1,0.0,0,5.0,300.0,300.0
ACC437332130648,1,5656.21,1,0,1.0,0,5.0,656.5621,656.6748910000003
ACC439147088077,1,5611.23,0,1,0.0,0,1.0,306.1123,306.12101100000024
ACC440254240040,1,1375.28,0,1,0.0,0,1.0,300.0,300.0
ACC442016136837,1,9537.73,1,0,1.0,0,4.0,695.3773,695.3002099999995
ACC444273736471,1,5874.28,1,0,1.0,0,3.0,658.7428,658.7389349999996
ACC444584610586,1,6488.29,1,0,1.0,0,4.0,664.8829000000001,664.894913999999
ACC444746781368,1,2508.3,1,0,1.0,0,4.0,625.083,625.0147599999997
ACC445155932015,1,82.62,1,0,1.0,0,0.0,600.8262,600.9108720000008
ACC445214170810,1,3002.43,1,0,1.0,0,4.0,630.0243,629.995993
ACC446211779442,1,5313.83,1,0,1.0,0,3.0,653.1383,653.1635379999996
ACC447531830137,1,114.75,1,0,1.0,0,0.0,601.1475,601.1694329999996
ACC449139356985,1,950.43,0,1,0.0,0,3.0,300.0,300.0
ACC449218530032,1,7806.11,0,1,0.0,0,4.0,328.0611,328.0456279999998
ACC450809851705,1,1231.79,1,0,1.0,0,2.0,612.3179,612.242950000001
ACC450833323930,1,1184.94,1,0,1.0,0,3.0,611.8494,611.8605749999995
ACC450919508314,1,6205.02,0,1,0.0,0,5.0,312.0502,312.03813800000046
ACC452072001523,1,7481.05,1,0,1.0,0,3.0,674.8105,674.8101150000002
ACC452961935900,1,4878.68,1,0,1.0,0,2.0,648.7868,648.7325560000004
ACC453453868111,1,6069.0,1,0,1.0,0,5.0,660.69,660.7115060000006
ACC453688164874,1,4691.1,0,1,0.0,0,3.0,300.0,300.0
ACC456905949748,1,6845.46,1,0,1.0,0,5.0,668.4546,668.5385419999993
ACC458964060724,1,5208.85,1,0,1.0,0,5.0,652.0885,652.0373009999998
ACC460013285720,1,5505.13,1,0,1.0,0,1.0,655.0513,655.0460029999996
ACC460979401867,1,718.02,1,0,1.0,0,2.0,607.1802,607.1618379999999
ACC461088127879,1,6122.02,0,1,0.0,0,0.0,311.2202,311.2170449999998
ACC461790402706,1,4381.91,0,1,0.0,0,1.0,300.0,300.0
ACC462421323188,1,7411.54,1,0,1.0,0,5.0,674.1154,674.0929070000007
ACC464128152146,1,6026.96,1,0,1.0,0,5.0,660.2696,660.2580989999997
ACC464648333591,1,486.5,0,1,0.0,0,2.0,300.0,300.0
ACC468813903577,1,7784.31,0,1,0.0,0,1.0,327.8431,327.9912819999994
ACC469589219186,1,5585.75,0,1,0.0,0,4.0,305.8575,305.8191269999995
ACC470637532926,1,5194.9,1,0,1.0,0,2.0,651.949,651.9273140000004
ACC471861506243,1,4782.4,0,1,0.0,0,5.0,300.0,300.0
ACC474535806510,1,9388.88,0,1,0.0,0,3.0,343.8888,343.90239800000023
ACC475783024309,1,6977.76,1,0,1.0,0,0.0,669.7776,669.7393830000004
ACC476810189012,1,556.43,1,0,1.0,0,0.0,605.5643,605.7442119999996
ACC477127543717,1,2591.18,1,0,1.0,0,5.0,625.9118,625.9486350000008
ACC477158706842,1,1020.18,0,1,0.0,0,5.0,300.0,300.0
ACC478380254780,1,9200.49,0,1,0.0,0,4.0,342.0049,341.97064399999994
ACC479323955904,1,2849.62,0,1,0.0,0,0.0,300.0,300.0
ACC479587132195,1,6842.88,0,1,0.0,0,3.0,318.4288,318.61880500000024
ACC480847985109,1,1139.89,1,0,1.0,0,0.0,611.3989,611.3350640000001
ACC480919450658,1,7844.33,0,1,0.0,0,5.0,328.4433,328.31059499999986
ACC482140999839,1,4032.48,1,0,1.0,0,1.0,640.3248,640.3144810000003
ACC482492958242,1,8202.54,0,1,0.0,0,5.0,332.0254,332.04646100000065
ACC482541777154,1,3157.55,0,1,0.0,0,4.0,300.0,300.0
ACC482665608193,1,7202.65,0,1,0.0,0,1.0,322.0265,321.95798499999995
ACC484565749235,1,1475.83,1,0,1.0,0,5.0,614.7583,614.8244759999997
ACC484641142407,1,5991.57,1,0,1.0,0,2.0,659.9157,659.9291039999998
ACC485667918325,1,2887.06,0,1,0.0,0,1.0,300.0,300.0
ACC485691877417,1,4463.86,0,1,0.0,0,2.0,300.0,300.0
ACC485840460599,1,5960.35,0,1,0.0,0,0.0,309.6035,309.5513630000002
ACC486726743057,1,8258.26,0,1,0.0,0,1.0,332.5826,332.58991800000047
ACC487004620951,1,7504.57,1,0,1.0,0,5.0,675.0457,675.0348780000005
ACC488564332657,1,5347.82,0,1,0.0,0,0.0,303.4782,303.42791400000004
ACC488660433960,1,9879.76,0,1,0.0,0,5.0,348.7976,348.8538450000003
ACC489115951077,1,8769.44,1,0,1.0,0,4.0,687.6944,687.7654550000002
ACC489445753328,1,6090.31,0,1,0.0,0,2.0,310.9031,310.9039199999997
ACC490098659639,1,9189.71,1,0,1.0,0,5.0,691.8971,691.9153610000009
ACC490315240349,1,2621.93,1,0,1.0,0,3.0,626.2193,626.0893619999993
ACC492071845403,1,1070.4,1,0,1.0,0,5.0,610.704,610.6790309999997
ACC493514069613,1,1033.86,1,0,1.0,0,5.0,610.3386,610.2489320000005
ACC493986311319,1,3456.78,1,0,1.0,0,4.0,634.5678,634.541209
ACC495058366489,1,7473.0,0,1,0.0,0,2.0,324.73,324.7156459999998
ACC495910528849,1,6924.86,1,0,1.0,0,4.0,669.2486,669.2218619999994
ACC496031986608,1,3165.67,0,1,0.0,0,1.0,300.0,300.0
ACC496148322450,1,2209.54,0,1,0.0,0,4.0,300.0,300.0
ACC497146482373,1,6400.11,1,0,1.0,0,0.0,664.0011,663.9377090000003
ACC498028594420,1,4625.66,1,0,1.0,0,3.0,646.2566,646.2797960000001
ACC500098938072,1,1417.63,0,1,0.0,0,3.0,300.0,300.0
ACC500893472837,1,5447.59,1,0,1.0,0,3.0,654.4759,654.4518429999993
ACC502355472443,1,6529.11,1,0,1.0,0,1.0,665.2911,665.2903240000003
ACC503615992320,1,6855.53,0,1,0.0,0,1.0,318.5553,318.6101480000001
ACC505187678902,1,9451.5,1,0,1.0,0,5.0,694.515,694.5374739999997
ACC508030056039,1,1007.18,1,0,1.0,0,5.0,610.0718,610.1129259999999
ACC508601352573,1,9911.97,0,1,0.0,0,2.0,349.11969999999997,349.03203799999994
ACC508882511885,1,9776.08,1,0,1.0,0,4.0,697.7608,697.7677410000008
ACC509087724645,1,1414.85,1,0,1.0,0,0.0,614.1485,614.0986020000001
ACC509545759130,1,3265.72,0,1,0.0,0,4.0,300.0,300.0
ACC509551836229,1,5763.39,0,1,0.0,0,5.0,307.6339,307.5487510000004
ACC509569108810,1,4315.4,0,1,0.0,0,1.0,300.0,300.0
ACC510099515322,1,2777.59,1,0,1.0,0,0.0,627.7759,627.8580410000004
ACC510194401769,1,1535.67,0,1,0.0,0,0.0,300.0,300.0
ACC511063731477,1,849.22,0,1,0.0,0,2.0,300.0,300.0
ACC511228759266,1,9418.89,0,1,0.0,0,5.0,344.1889,344.18687500000027
ACC515234335168,1,8636.15,1,0,1.0,0,3.0,686.3615,686.3498379999996
ACC515619251485,1,8172.23,1,0,1.0,0,3.0,681.7223,681.7904260000007
ACC516222441300,1,7975.59,1,0,1.0,0,2.0,679.7559,679.7937559999988
ACC518176936082,1,8942.1,0,1,0.0,0,1.0,339.421,339.42675799999955
ACC518531240603,1,9076.05,0,1,0.0,0,1.0,340.7605,340.7618700000002
ACC519470365394,1,2259.4,0,1,0.0,0,5.0,300.0,300.0
ACC526135124813,1,8344.9,0,1,0.0,0,2.0,333.449,333.45711200000005
ACC527615468095,1,2062.0,1,0,1.0,0,3.0,620.62,620.6489240000006
ACC531073735786,1,5951.71,1,0,1.0,0,4.0,659.5171,659.5685999999994
ACC532194384115,1,172.9,0,1,0.0,0,0.0,300.0,300.0
ACC532298365791,1,3053.24,0,1,0.0,0,1.0,300.0,300.0
ACC532368690131,1,6528.31,1,0,1.0,0,4.0,665.2831,665.2502720000001
ACC533581147152,1,8376.53,0,1,0.0,0,0.0,333.7653,333.68036099999966
ACC534670303338,1,455.26,1,0,1.0,0,1.0,604.5526,604.4803510000004
ACC535063033585,1,1721.66,1,0,1.0,0,2.0,617.2166,617.0655169999997
ACC538379916942,1,2465.97,1,0,1.0,0,3.0,624.6597,624.6777039999993
ACC539464072425,1,3058.37,0,1,0.0,0,1.0,300.0,300.0
ACC540247469752,1,8820.29,1,0,1.0,0,0.0,688.2029,688.2493749999993
ACC540513569112,1,8552.73,1,0,1.0,0,0.0,685.5273,685.5992810000006
ACC540949331810,1,9780.57,1,0,1.0,0,2.0,697.8057,697.7579789999992
ACC541138246505,1,5236.81,0,1,0.0,0,1.0,302.3681,302.4343369999997
ACC541143202484,1,3358.54,1,0,1.0,0,2.0,633.5854,633.5189140000009
ACC541477466329,1,3131.66,0,1,0.0,0,5.0,300.0,300.0
ACC545467441528,1,2682.52,1,0,1.0,0,1.0,626.8252,626.9711189999994
ACC549067186057,1,3652.85,1,0,1.0,0,4.0,636.5285,636.5029509999999
ACC550612841358,1,8302.21,0,1,0.0,0,0.0,333.0221,332.9971169999995
ACC555358049156,1,2260.35,0,1,0.0,0,1.0,300.0,300.0
ACC555577752235,1,4101.9,0,1,0.0,0,2.0,300.0,300.0
ACC555782407714,1,6976.93,1,0,1.0,0,1.0,669.7693,669.7608569999998
ACC556038079149,1,8713.97,1,0,1.0,0,0.0,687.1397,687.3210809999999
ACC558327340389,1,2060.67,0,1,0.0,0,1.0,300.0,300.0
ACC558857996103,1,5793.61,1,0,1.0,0,4.0,657.9361,657.9709499999997
ACC559619848876,1,243.84,1,0,1.0,0,4.0,602.4384,602.4784789999998
ACC559804638282,1,4635.78,1,0,1.0,0,4.0,646.3578,646.3339139999996
ACC560226316020,1,1854.19,1,0,1.0,0,4.0,618.5419,618.6262949999988
ACC560577240171,1,853.37,0,1,0.0,0,5.0,300.0,300.0
ACC560995860615,1,6947.07,1,0,1.0,0,2.0,669.4707,669.4697519999995
ACC561543344716,1,3587.23,0,1,0.0,0,1.0,300.0,300.0
ACC563492275774,1,7957.72,0,1,0.0,0,1.0,329.5772,329.572623
ACC563587877334,1,3951.6,1,0,1.0,0,5.0,639.516,639.504177000001
ACC565217267408,1,8370.47,1,0,1.0,0,2.0,683.7047,683.7121020000008
ACC567204871192,1,443.94,0,1,0.0,0,2.0,300.0,300.0
ACC567653126417,1,3158.13,0,1,0.0,0,2.0,300.0,300.0
ACC567900021865,1,9981.78,1,0,1.0,0,4.0,699.8178,698.7594100000002
ACC569095874772,1,9754.78,0,1,0.0,0,0.0,347.5478,347.55378399999995
ACC569468124667,1,1114.9,1,0,1.0,0,1.0,611.149,611.146362
ACC569548036032,1,1361.36,1,0,1.0,0,3.0,613.6136,613.7186089999994
ACC570297290115,1,3050.96,0,1,0.0,0,1.0,300.0,300.0
ACC570439954901,1,4209.16,1,0,1.0,0,0.0,642.0916,642.0560039999996
ACC571395338125,1,4714.05,0,1,0.0,0,2.0,300.0,300.0
ACC572697622802,1,3202.36,1,0,1.0,0,4.0,632.0236,631.955657
ACC574048801413,1,3964.01,1,0,1.0,0,5.0,639.6401,639.5646180000006
ACC574213859241,1,3590.02,0,1,0.0,0,4.0,300.0,300.0
ACC574433601146,1,6733.66,0,1,0.0,0,0.0,317.3366,317.30805399999946
ACC575198961336,1,4727.97,0,1,0.0,0,1.0,300.0,300.0
ACC575743115265,1,5176.23,1,0,1.0,0,3.0,651.7623,651.8319340000007
ACC575833493205,1,4363.61,1,0,1.0,0,2.0,643.6360999999999,643.6511389999998
ACC577413875152,1,2179.42,1,0,1.0,0,3.0,621.7942,621.5625089999991
ACC577849907375,1,3857.93,0,1,0.0,0,3.0,300.0,300.0
ACC577882509592,1,6589.13,0,1,0.0,0,5.0,315.8913,315.9152509999996
ACC578022997139,1,6202.95,0,1,0.0,0,4.0,312.0295,312.0346940000004
ACC579461054488,1,2104.91,0,1,0.0,0,2.0,300.0,300.0
ACC579644732592,1,1049.58,0,1,0.0,0,1.0,300.0,300.0
ACC580748456666,1,4339.03,0,1,0.0,0,1.0,300.0,300.0
ACC582331052082,1,1110.79,1,0,1.0,0,5.0,611.1079,611.0877270000005
ACC583576207356,1,5465.33,1,0,1.0,0,5.0,654.6533,654.6074669999986
ACC583595036162,1,4569.52,0,1,0.0,0,2.0,300.0,300.0
ACC584644474140,1,4010.43,0,1,0.0,0,2.0,300.0,300.0
ACC584936648611,1,1941.69,1,0,1.0,0,5.0,619.4169,619.4273919999991
ACC587150505891,1,4883.14,0,1,0.0,0,2.0,300.0,300.0
ACC588899901023,1,3118.63,0,1,0.0,0,5.0,300.0,300.0
ACC589490440950,1,6667.82,1,0,1.0,0,1.0,666.6782000000001,666.6053440000003
ACC590509039598,1,7917.94,0,1,0.0,0,4.0,329.1794,329.3643940000002
ACC591269994387,1,9430.81,0,1,0.0,0,0.0,344.30809999999997,344.10167899999993
ACC591691024481,1,4690.98,0,1,0.0,0,1.0,300.0,300.0
ACC592374761829,1,4479.46,1,0,1.0,0,1.0,644.7946,644.7965940000005
ACC593451542159,1,1576.15,1,0,1.0,0,1.0,615.7615,615.6577740000001
ACC594246264896,1,5554.17,0,1,0.0,0,0.0,305.5417,305.58003600000023
ACC594414174827,1,7987.13,1,0,1.0,0,2.0,679.8713,679.8589859999989
ACC595330802695,1,9906.48,0,1,0.0,0,0.0,349.0648,349.0369250000001
ACC596460094811,1,6069.27,1,0,1.0,0,3.0,660.6927000000001,660.6811359999998
ACC597434246007,1,2014.86,1,0,1.0,0,5.0,620.1486,620.1339140000003
ACC597784973666,1,9863.28,0,1,0.0,0,4.0,348.6328,348.7184849999999
ACC599293934348,1,6281.03,1,0,1.0,0,0.0,662.8103,662.7809029999996
ACC601789800730,1,2889.05,0,1,0.0,0,1.0,300.0,300.0
ACC603932586519,1,2398.61,1,0,1.0,0,4.0,623.9861,623.9455240000005
ACC604441335448,1,9557.4,0,1,0.0,0,2.0,345.574,345.5234000000004
ACC605176640789,1,5869.22,1,0,1.0,0,3.0,658.6922,658.7207189999993
ACC605414024657,1,743.1,0,1,0.0,0,2.0,300.0,300.0
ACC605671319744,1,9893.71,0,1,0.0,0,5.0,348.9371,348.9081280000004
ACC606650842942,1,9414.76,0,1,0.0,0,4.0,344.1476,344.134224
ACC606694373443,1,5918.07,0,1,0.0,0,5.0,309.1807,309.0519330000004
ACC606956023832,1,3888.55,1,0,1.0,0,1.0,638.8855,638.8851799999992
ACC608382327761,1,1657.04,0,1,0.0,0,2.0,300.0,300.0
ACC608545905261,1,3550.54,1,0,1.0,0,4.0,635.5054,635.3291700000008
ACC610710869730,1,5982.42,1,0,1.0,0,3.0,659.8242,659.8393810000005
ACC612027334545,1,1366.84,0,1,0.0,0,2.0,300.0,300.0
ACC612697394330,1,6612.53,0,1,0.0,0,1.0,316.1253,316.1416679999997
ACC613054153754,1,9356.38,1,0,1.0,0,2.0,693.5638,693.5620150000009
ACC613225286719,1,1661.17,0,1,0.0,0,5.0,300.0,300.0
ACC613921033581,1,264.31,0,1,0.0,0,5.0,300.0,300.0
ACC614309967141,1,2595.31,1,0,1.0,0,5.0,625.9531,625.966807
ACC615611078884,1,4701.72,1,0,1.0,0,5.0,647.0172,647.0101430000004
ACC618242283145,1,8005.84,1,0,1.0,0,3.0,680.0584,680.0035370000004
ACC619779376175,1,1105.43,1,0,1.0,0,5.0,611.0543,611.0273760000008
ACC620505959583,1,7449.37,0,1,0.0,0,5.0,324.4937,324.46199299999955
ACC621841895385,1,1991.27,0,1,0.0,0,2.0,300.0,300.0
ACC622219255536,1,4061.62,0,1,0.0,0,2.0,300.0,300.0
ACC622843018180,1,9037.6,0,1,0.0,0,3.0,340.376,340.56335500000006
ACC623886234615,1,1530.19,1,0,1.0,0,2.0,615.3019,615.2475159999993
ACC624070114069,1,9748.75,0,1,0.0,0,1.0,347.4875,347.53790399999974
ACC624409910030,1,6599.72,1,0,1.0,0,3.0,665.9972,665.9109149999994
ACC624638391072,1,8774.95,0,1,0.0,0,3.0,337.7495,337.71214700000064
ACC625689447531,1,3385.69,1,0,1.0,0,3.0,633.8569,633.8386240000001
ACC625740653451,1,5730.66,0,1,0.0,0,4.0,307.3066,307.25468800000016
ACC627057981784,1,7955.15,0,1,0.0,0,0.0,329.5515,329.5892610000004
ACC627712796020,1,1127.93,1,0,1.0,0,0.0,611.2793,611.2694460000001
ACC628772011466,1,5866.21,0,1,0.0,0,0.0,308.6621,308.6420530000004
ACC628960582472,1,9800.16,0,1,0.0,0,3.0,348.0016,348.0044409999998
ACC632799351352,1,7578.53,0,1,0.0,0,0.0,325.7853,325.7231089999998
ACC632895644643,1,1755.76,1,0,1.0,0,0.0,617.5576,617.0434379999998
ACC633382756274,1,2471.1,1,0,1.0,0,3.0,624.711,624.7242420000003
ACC633774566870,1,9913.78,0,1,0.0,0,1.0,349.1378,349.03909699999997
ACC634455284779,1,6051.74,0,1,0.0,0,3.0,310.5174,310.618759
ACC635420777315,1,5255.39,0,1,0.0,0,5.0,302.5539,302.5909149999997
ACC635735221967,1,679.09,0,1,0.0,0,3.0,300.0,300.0
ACC636284825073,1,7808.18,1,0,1.0,0,3.0,678.0818,678.058579
ACC636326425767,1,5204.8,1,0,1.0,0,0.0,652.048,652.0345500000005
ACC636354755578,1,2835.99,1,0,1.0,0,3.0,628.3599,628.3897490000011
ACC637351936902,1,8860.85,0,1,0.0,0,4.0,338.6085,338.8566579999996
ACC640536558967,1,2343.11,0,1,0.0,0,3.0,300.0,300.0
ACC640888592047,1,2747.06,1,0,1.0,0,3.0,627.4706,627.4507509999994
ACC641548158781,1,2566.93,1,0,1.0,0,5.0,625.6693,625.6804240000007
ACC642282466007,1,6873.02,0,1,0.0,0,4.0,318.7302,318.7381450000006
ACC642517628669,1,5244.29,0,1,0.0,0,1.0,302.4429,302.4343369999997
ACC643555059311,1,4036.13,0,1,0.0,0,3.0,300.0,300.0
ACC644260318089,1,4345.94,0,1,0.0,0,2.0,300.0,300.0
ACC645849153764,1,8038.4,1,0,1.0,0,2.0,680.384,680.3329069999994
ACC646531623980,1,7402.32,1,0,1.0,0,1.0,674.0232,674.0280000000012
ACC646894221093,1,8224.15,1,0,1.0,0,1.0,682.2415,682.2374619999989
ACC648067338252,1,1318.49,0,1,0.0,0,0.0,300.0,300.0
ACC648114006339,1,1515.47,1,0,1.0,0,0.0,615.1547,615.1400809999994
ACC650056110541,1,1427.59,0,1,0.0,0,0.0,300.0,300.0
ACC650442720538,1,3615.68,0,1,0.0,0,4.0,300.0,300.0
ACC650868763908,1,1484.85,0,1,0.0,0,3.0,300.0,300.0
ACC651141941635,1,4664.19,1,0,1.0,0,2.0,646.6419,646.6699620000006
ACC651299637572,1,8615.97,0,1,0.0,0,2.0,336.1597,336.1046769999999
ACC652990806479,1,2497.13,0,1,0.0,0,3.0,300.0,300.0
ACC653619953838,1,643.29,1,0,1.0,0,2.0,606.4329,606.3923359999998
ACC654038278787,1,9492.16,0,1,0.0,0,1.0,344.9216,344.94776200000035
ACC655595433038,1,1958.09,0,1,0.0,0,4.0,300.0,300.0
ACC656773350903,1,6464.97,1,0,1.0,0,2.0,664.6496999999999,664.603057999999
ACC656952213504,1,6060.02,1,0,1.0,0,2.0,660.6002,660.6357730000001
ACC658268393532,1,3902.16,1,0,1.0,0,4.0,639.0216,638.9779459999996
ACC658872535002,1,2533.16,0,1,0.0,0,2.0,300.0,300.0
ACC660508029805,1,3767.31,0,1,0.0,0,0.0,300.0,300.0
ACC663339550433,1,5980.76,0,1,0.0,0,4.0,309.8076,309.70748400000025
ACC664617510940,1,617.42,0,1,0.0,0,5.0,300.0,300.0
ACC665375021704,1,2371.39,1,0,1.0,0,5.0,623.7139,623.6761830000005
ACC668768567639,1,130.49,0,1,0.0,0,3.0,300.0,300.0
ACC668966066614,1,2971.35,1,0,1.0,0,2.0,629.7135,629.7333219999997
ACC669075778249,1,5098.06,1,0,1.0,0,4.0,650.9806,650.9574890000007
ACC669926947087,1,9218.15,0,1,0.0,0,4.0,342.1815,342.1311979999997
ACC670790769635,1,9297.75,0,1,0.0,0,4.0,342.9775,342.93960000000044
ACC671361152813,1,2136.56,0,1,0.0,0,4.0,300.0,300.0
ACC673844902219,1,9568.8,1,0,1.0,0,5.0,695.688,695.4982299999997
ACC673856145930,1,7578.41,0,1,0.0,0,3.0,325.78409999999997,325.71867299999997
ACC674076575661,1,9191.49,1,0,1.0,0,2.0,691.9149,691.9276650000012
ACC674252745977,1,816.85,1,0,1.0,0,1.0,608.1685,608.204014
ACC674454672660,1,5847.22,1,0,1.0,0,4.0,658.4722,658.4533809999988
ACC676470855392,1,3129.62,0,1,0.0,0,5.0,300.0,300.0
ACC677553661786,1,3348.01,0,1,0.0,0,5.0,300.0,300.0
ACC687133852452,1,3958.51,0,1,0.0,0,5.0,300.0,300.0
ACC687422989635,1,4440.7,0,1,0.0,0,0.0,300.0,300.0
ACC688582103547,1,6272.58,1,0,1.0,0,4.0,662.7258,662.7407340000001
ACC690532175633,1,8891.03,0,1,0.0,0,4.0,338.9103,338.8935189999996
ACC691924203443,1,3325.75,0,1,0.0,0,3.0,300.0,300.0
ACC692586090383,1,2124.57,0,1,0.0,0,3.0,300.0,300.0
ACC693357052678,1,3022.92,1,0,1.0,0,3.0,630.2292,630.1297590000008
ACC694204440934,1,4206.83,1,0,1.0,0,1.0,642.0683,642.0528849999995
ACC694370329532,1,6766.42,0,1,0.0,0,1.0,317.6642,317.54430799999966
ACC696909284662,1,5419.28,1,0,1.0,0,4.0,654.1928,654.215133999999
ACC699332931320,1,435.03,1,0,1.0,0,4.0,604.3503,604.2561970000005
ACC700165329405,1,5573.69,1,0,1.0,0,2.0,655.7369,655.6241940000014
ACC700848564068,1,4524.71,1,0,1.0,0,4.0,645.2471,645.1884750000006
ACC700958053151,1,8298.27,1,0,1.0,0,4.0,682.9827,682.9269140000002
ACC701116756351,1,6214.92,1,0,1.0,0,2.0,662.1492,662.331624000001
ACC701561056590,1,1069.31,1,0,1.0,0,3.0,610.6931,610.708221999999
ACC703629763700,1,8042.94,1,0,1.0,0,4.0,680.4294,680.4610750000004
ACC703723581668,1,6711.61,1,0,1.0,0,5.0,667.1161,667.1852869999996
ACC704047819196,1,3427.13,0,1,0.0,0,5.0,300.0,300.0
ACC704295273341,1,1837.91,0,1,0.0,0,4.0,300.0,300.0
ACC704418712873,1,843.44,1,0,1.0,0,0.0,608.4344,608.410733
ACC705722112561,1,4226.72,0,1,0.0,0,4.0,300.0,300.0
ACC706267172499,1,1678.78,1,0,1.0,0,3.0,616.7878,616.7776749999992
ACC706948574950,1,6579.85,1,0,1.0,0,1.0,665.7985,665.7830059999992
ACC707612066517,1,6445.4,1,0,1.0,0,0.0,664.454,664.5217819999992
ACC707960746844,1,2233.02,1,0,1.0,0,5.0,622.3302,622.2817229999987
ACC708967067308,1,3333.3,0,1,0.0,0,0.0,300.0,300.0
ACC708979959044,1,5544.48,1,0,1.0,0,1.0,655.4448,655.4716419999999
ACC710317738876,1,640.87,1,0,1.0,0,5.0,606.4087,606.4746129999999
ACC710965679381,1,7555.86,0,1,0.0,0,4.0,325.5586,325.5658060000003
ACC711045690565,1,5568.13,0,1,0.0,0,3.0,305.6813,305.658274
ACC711231757562,1,635.34,0,1,0.0,0,4.0,300.0,300.0
ACC712426228537,1,3655.85,1,0,1.0,0,1.0,636.5585,636.5463539999997
ACC712924763587,1,591.51,0,1,0.0,0,0.0,300.0,300.0
ACC714648847326,1,6951.98,0,1,0.0,0,3.0,319.5198,319.56069999999943
ACC717339068440,1,1481.59,1,0,1.0,0,3.0,614.8159,614.8145139999997
ACC717518836161,1,3064.65,1,0,1.0,0,2.0,630.6465,630.87851
ACC717749416067,1,6219.57,0,1,0.0,0,1.0,312.1957,311.99472200000025
ACC719832957330,1,8239.83,0,1,0.0,0,5.0,332.3983,332.45341000000053
ACC720852619244,1,8880.36,0,1,0.0,0,1.0,338.8036,338.86774599999956
ACC725217109997,1,2814.45,1,0,1.0,0,5.0,628.1445,628.1087980000008
ACC725370721773,1,9332.32,1,0,1.0,0,3.0,693.3232,693.4098189999993
ACC727259005700,1,7800.53,0,1,0.0,0,3.0,328.0053,328.0132410000001
ACC728111482183,1,2538.41,1,0,1.0,0,4.0,625.3841,625.433656000001
ACC728293619684,1,9099.35,0,1,0.0,0,2.0,340.9935,340.92909200000014
ACC729450895749,1,5495.26,1,0,1.0,0,4.0,654.9526,654.9353160000003
ACC730540522050,1,2914.35,0,1,0.0,0,4.0,300.0,300.0
ACC730772471435,1,7529.2,0,1,0.0,0,0.0,325.29200000000003,325.30753700000037
ACC730975690321,1,111.74,0,1,0.0,0,1.0,300.0,300.0
ACC730976134384,1,9254.01,1,0,1.0,0,2.0,692.5400999999999,692.5584759999992
ACC731160303856,1,8020.11,0,1,0.0,0,3.0,330.2011,330.3576689999998
ACC734181437385,1,332.5,1,0,1.0,0,0.0,603.325,603.3820719999994
ACC734350138080,1,7137.11,1,0,1.0,0,2.0,671.3711,671.3106379999991
ACC736055741907,1,7839.6,1,0,1.0,0,0.0,678.396,678.2421560000003
ACC736221167614,1,3167.38,1,0,1.0,0,4.0,631.6738,631.6162519999991
ACC736647747533,1,1410.81,0,1,0.0,0,0.0,300.0,300.0
ACC737028438912,1,6225.13,1,0,1.0,0,3.0,662.2513,662.3270700000011
ACC737595123670,1,7070.47,0,1,0.0,0,2.0,320.7047,320.70830699999954
ACC738495942418,1,9651.47,1,0,1.0,0,0.0,696.5147,696.5576770000002
ACC739185628533,1,2116.87,0,1,0.0,0,1.0,300.0,300.0
ACC739373268930,1,2293.0,0,1,0.0,0,1.0,300.0,300.0
ACC740244304285,1,3962.73,1,0,1.0,0,1.0,639.6273,639.5903300000002
ACC740614291291,1,5285.07,0,1,0.0,0,2.0,302.8507,302.83437799999973
ACC741453001843,1,2740.65,1,0,1.0,0,5.0,627.4065,627.4465769999994
ACC743778572221,1,2314.94,1,0,1.0,0,2.0,623.1494,623.2280750000003
ACC744029973657,1,4815.14,0,1,0.0,0,1.0,300.0,300.0
ACC744423591691,1,1143.3,0,1,0.0,0,3.0,300.0,300.0
ACC747013862044,1,7559.88,1,0,1.0,0,0.0,675.5988,675.5130000000004
ACC749639990564,1,8957.62,1,0,1.0,0,0.0,689.5762,689.5471870000011
ACC749837976165,1,3531.4,0,1,0.0,0,3.0,300.0,300.0
ACC752324154360,1,9397.96,1,0,1.0,0,1.0,693.9796,693.8697019999998
ACC752463729520,1,3903.86,1,0,1.0,0,2.0,639.0386,638.9750199999995
ACC753253609570,1,2925.68,1,0,1.0,0,5.0,629.2568,629.3943789999993
ACC753302539096,1,6628.42,0,1,0.0,0,4.0,316.2842,316.24769999999944
ACC756092660863,1,6681.75,1,0,1.0,0,4.0,666.8175,666.7361070000001
ACC756428341855,1,597.13,0,1,0.0,0,3.0,300.0,300.0
ACC756454879819,1,524.07,0,1,0.0,0,2.0,300.0,300.0
ACC757148738276,1,3869.65,1,0,1.0,0,4.0,638.6965,638.7624949999993
ACC758846715911,1,4479.46,1,0,1.0,0,3.0,644.7946,644.8239750000006
ACC758895673064,1,8301.54,0,1,0.0,0,2.0,333.0154,333.00725199999977
ACC759293338346,1,7282.33,0,1,0.0,0,3.0,322.8233,322.802847
ACC759779047965,1,2893.01,0,1,0.0,0,1.0,300.0,300.0
ACC759812474745,1,1942.47,0,1,0.0,0,4.0,300.0,300.0
ACC760545759010,1,7882.08,1,0,1.0,0,2.0,678.8208,678.6644270000006
ACC760617666657,1,8263.41,0,1,0.0,0,1.0,332.6341,332.63562499999995
ACC761004614791,1,1204.14,1,0,1.0,0,3.0,612.0414,611.963911
ACC761210790042,1,4875.98,0,1,0.0,0,3.0,300.0,300.0
ACC762244144149,1,2845.64,1,0,1.0,0,1.0,628.4564,628.4635200000008
ACC763878705051,1,2893.15,1,0,1.0,0,1.0,628.9315,628.7932439999994
ACC765520955004,1,9259.43,0,1,0.0,0,2.0,342.5943,342.7422480000003
ACC766253252018,1,6573.71,1,0,1.0,0,0.0,665.7371,665.7580939999991
ACC767910893729,1,8277.75,0,1,0.0,0,3.0,332.77750000000003,332.7648590000001
ACC769012957963,1,248.41,0,1,0.0,0,1.0,300.0,300.0
ACC769495440879,1,7629.13,0,1,0.0,0,5.0,326.2913,326.27502700000036
ACC770162782846,1,7385.38,0,1,0.0,0,4.0,323.8538,323.95329100000026
ACC770826183126,1,7089.87,1,0,1.0,0,5.0,670.8987,670.9699890000006
ACC774036063263,1,9214.07,1,0,1.0,0,1.0,692.1407,692.0586280000011
ACC777025717881,1,8268.96,0,1,0.0,0,0.0,332.6896,332.6835250000004
ACC777423113192,1,9040.47,1,0,1.0,0,3.0,690.4047,690.7146709999998
ACC777447389662,1,462.97,1,0,1.0,0,3.0,604.6297,604.5113270000004
ACC777543031219,1,9400.02,0,1,0.0,0,0.0,344.0002,343.99073799999985
ACC779531236757,1,6783.06,1,0,1.0,0,3.0,667.8306,667.8462980000004
ACC780236578812,1,4713.57,1,0,1.0,0,0.0,647.1357,647.1295189999997
ACC780241475280,1,1481.05,0,1,0.0,0,1.0,300.0,300.0
ACC782491441776,1,8401.45,1,0,1.0,0,4.0,684.0145,683.9795929999995
ACC783216640651,1,2969.96,1,0,1.0,0,1.0,629.6996,629.734852
ACC783340771696,1,2993.19,1,0,1.0,0,1.0,629.9319,629.9251780000012
ACC785010989657,1,9579.43,0,1,0.0,0,5.0,345.7943,345.94467700000035
ACC785205631549,1,7369.56,1,0,1.0,0,3.0,673.6956,673.6697689999992
ACC786479889394,1,3648.83,0,1,0.0,0,1.0,300.0,300.0
ACC787617419960,1,1997.03,1,0,1.0,0,3.0,619.9703,619.9652690000006
ACC788491667083,1,9140.17,1,0,1.0,0,4.0,691.4017,691.1242529999992
ACC788568029753,1,7629.91,0,1,0.0,0,3.0,326.2991,326.27701200000007
ACC789830373783,1,9693.08,1,0,1.0,0,2.0,696.9308,697.0402660000007
ACC789961419468,1,9772.4,0,1,0.0,0,4.0,347.724,347.69184899999937
ACC791233696436,1,2479.48,1,0,1.0,0,3.0,624.7948,624.7831060000011
ACC791572736540,1,6016.05,1,0,1.0,0,4.0,660.1605,660.1701299999992
ACC791693933417,1,5402.2,0,1,0.0,0,5.0,304.022,304.0952490000003
ACC792023895467,1,4859.49,0,1,0.0,0,4.0,300.0,300.0
ACC792686955373,1,3865.44,0,1,0.0,0,3.0,300.0,300.0
ACC794133249745,1,4333.57,1,0,1.0,0,0.0,643.3357,643.3813250000009
ACC797280146661,1,1069.13,1,0,1.0,0,4.0,610.6913,610.7044889999991
ACC797294176798,1,9454.8,0,1,0.0,0,3.0,344.548,344.14308000000017
ACC798457707427,1,145.08,0,1,0.0,0,1.0,300.0,300.0
ACC798550639952,1,7356.24,1,0,1.0,0,5.0,673.5624,673.5628300000005
ACC799973551529,1,5419.52,1,0,1.0,0,2.0,654.1952,654.2159009999995
ACC800325351698,1,117.32,0,1,0.0,0,3.0,300.0,300.0
ACC801629830427,1,120.21,1,0,1.0,0,0.0,601.2021,601.2135650000002
ACC802159719884,1,3626.23,1,0,1.0,0,4.0,636.2623,636.3533930000004
ACC802673988428,1,3658.69,1,0,1.0,0,0.0,636.5869,636.5857360000002
ACC802806250435,1,4939.85,1,0,1.0,0,5.0,649.3985,649.3830360000004
ACC804098131253,1,2856.08,1,0,1.0,0,0.0,628.5608,628.5412839999996
ACC804163362998,1,164.99,1,0,1.0,0,1.0,601.6499,601.5714569999998
ACC806188458459,1,9352.23,1,0,1.0,0,1.0,693.5223,693.5660609999992
ACC806938657301,1,9662.44,0,1,0.0,0,5.0,346.62440000000004,346.7474750000003
ACC807697871170,1,674.48,0,1,0.0,0,0.0,300.0,300.0
ACC808223558186,1,4426.52,0,1,0.0,0,1.0,300.0,300.0
ACC808254961168,1,5442.01,0,1,0.0,0,4.0,304.4201,304.4330279999997
ACC809540112857,1,5679.58,1,0,1.0,0,0.0,656.7958,656.698592
ACC811346561012,1,7199.03,0,1,0.0,0,5.0,321.9903,322.01289600000035
ACC811718937745,1,6539.92,0,1,0.0,0,5.0,315.3992,315.38138799999996
ACC812344158731,1,9392.18,0,1,0.0,0,3.0,343.9218,343.916474
ACC813926480869,1,8295.27,1,0,1.0,0,5.0,682.9527,682.9141060000006
ACC815842544341,1,9461.15,1,0,1.0,0,0.0,694.6115,694.5957809999995
ACC818071267517,1,5644.71,1,0,1.0,0,4.0,656.4471,656.6025229999997
ACC818202805980,1,7547.22,0,1,0.0,0,5.0,325.4722,325.46527400000036
ACC818426483041,1,792.08,0,1,0.0,0,2.0,300.0,300.0
ACC821010800279,1,3328.06,0,1,0.0,0,3.0,300.0,300.0
ACC822437251798,1,2190.97,0,1,0.0,0,4.0,300.0,300.0
ACC823190424262,1,2099.43,0,1,0.0,0,3.0,300.0,300.0
ACC824460973421,1,2365.37,0,1,0.0,0,1.0,300.0,300.0
ACC824506582532,1,8909.2,1,0,1.0,0,0.0,689.092,689.0901129999994
ACC825179460965,1,7690.69,1,0,1.0,0,2.0,676.9069,677.0464000000007
ACC825573709609,1,8244.87,0,1,0.0,0,2.0,332.44870000000003,332.4594760000005
ACC826213333971,1,4541.72,0,1,0.0,0,5.0,300.0,300.0
ACC826809887281,1,5388.68,1,0,1.0,0,1.0,653.8868,653.8655350000002
ACC827607934745,1,5535.5,0,1,0.0,0,3.0,305.355,305.38261799999987
ACC827774422370,1,7361.1,1,0,1.0,0,3.0,673.611,673.6104219999991
ACC831901198031,1,9308.85,1,0,1.0,0,0.0,693.0885000000001,693.2954309999996
ACC832521767568,1,4029.21,1,0,1.0,0,2.0,640.2921,640.2755409999996
ACC832560819518,1,9672.84,1,0,1.0,0,5.0,696.7284,697.0003790000005
ACC833631264278,1,6067.9,1,0,1.0,0,4.0,660.679,660.6820869999993
ACC835815950714,1,8758.26,0,1,0.0,0,4.0,337.5826,337.6188480000006
ACC836013776795,1,6912.05,1,0,1.0,0,2.0,669.1205,669.1573719999993
ACC837379937813,1,8499.74,0,1,0.0,0,0.0,334.99739999999997,334.99656300000004
ACC839123306266,1,2586.48,0,1,0.0,0,3.0,300.0,300.0
ACC839491157243,1,7648.38,0,1,0.0,0,1.0,326.4838,326.3841160000002
ACC840294370900,1,9134.88,0,1,0.0,0,5.0,341.3488,341.4095609999999
ACC842419404881,1,7586.53,0,1,0.0,0,1.0,325.8653,325.7231089999998
ACC842574427164,1,8386.23,1,0,1.0,0,0.0,683.8623,683.9400800000002
ACC842743292594,1,1657.6,1,0,1.0,0,4.0,616.576,616.6180480000003
ACC843354965551,1,3229.02,0,1,0.0,0,4.0,300.0,300.0
ACC844010084139,1,6179.0,1,0,1.0,0,5.0,661.79,661.8331860000005
ACC844161154979,1,2249.69,0,1,0.0,0,5.0,300.0,300.0
ACC844731805821,1,1986.05,1,0,1.0,0,5.0,619.8605,619.88532
ACC844864256189,1,6980.63,1,0,1.0,0,1.0,669.8063,669.7783229999991
ACC845294187915,1,1165.67,0,1,0.0,0,3.0,300.0,300.0
ACC845534752489,1,4408.99,0,1,0.0,0,1.0,300.0,300.0
ACC845814581929,1,4886.87,1,0,1.0,0,0.0,648.8687,648.6938470000005
ACC846437074287,1,6338.29,0,1,0.0,0,1.0,313.3829,313.4261850000002
ACC846801307053,1,8811.64,0,1,0.0,0,4.0,338.1164,337.7153260000006
ACC849466899970,1,6766.56,1,0,1.0,0,3.0,667.6656,667.676476
ACC849541241588,1,3102.5,0,1,0.0,0,4.0,300.0,300.0
ACC850151248406,1,4975.59,0,1,0.0,0,2.0,300.0,300.0
ACC850617389344,1,5914.55,1,0,1.0,0,4.0,659.1455,659.1334339999995
ACC850622672850,1,8597.19,1,0,1.0,0,4.0,685.9719,685.9425459999991
ACC850828912126,1,5139.81,1,0,1.0,0,2.0,651.3981,651.4140879999995
ACC850855186695,1,3802.67,1,0,1.0,0,3.0,638.0267,638.7456879999996
ACC853854160173,1,4680.01,0,1,0.0,0,4.0,300.0,300.0
ACC855408541106,1,8098.56,0,1,0.0,0,4.0,330.9856,330.73671199999995
ACC857371940420,1,7255.05,0,1,0.0,0,1.0,322.5505,322.63605300000023
ACC857819109845,1,9788.81,1,0,1.0,0,2.0,697.8881,697.7962529999987
ACC859054473880,1,8682.68,0,1,0.0,0,5.0,336.8268,336.84636099999983
ACC859267596927,1,7527.96,1,0,1.0,0,4.0,675.2796,675.2668830000009
ACC860096532442,1,4883.55,0,1,0.0,0,3.0,300.0,300.0
ACC860383545728,1,2701.56,1,0,1.0,0,0.0,627.0156,627.007645
ACC860535141314,1,3527.86,1,0,1.0,0,0.0,635.2786,635.2197959999994
ACC860661161995,1,8480.82,0,1,0.0,0,2.0,334.8082,334.9009309999999
ACC860921210133,1,8283.11,1,0,1.0,0,0.0,682.8311,682.8484610000007
ACC862075530246,1,4562.15,1,0,1.0,0,3.0,645.6215,645.4872310000006
ACC862112723958,1,6614.13,0,1,0.0,0,1.0,316.1413,316.14758799999964
ACC862297006985,1,866.95,1,0,1.0,0,5.0,608.6695,608.6839580000005
ACC862374971237,1,6574.99,0,1,0.0,0,4.0,315.7499,315.71248899999966
ACC865796814668,1,5061.44,1,0,1.0,0,3.0,650.6144,650.8671360000004
ACC868703696099,1,2996.49,0,1,0.0,0,4.0,300.0,300.0
ACC869527288034,1,9715.89,0,1,0.0,0,3.0,347.1589,347.2704079999996
ACC870046061402,1,4678.22,0,1,0.0,0,5.0,300.0,300.0
ACC870925294473,1,3582.07,1,0,1.0,0,1.0,635.8207,635.6470750000003
ACC871246707181,1,5417.11,0,1,0.0,0,1.0,304.1711,304.1467449999999
ACC871777845940,1,4456.49,1,0,1.0,0,0.0,644.5649,644.6615489999997
ACC873033747191,1,9108.78,1,0,1.0,0,5.0,691.0878,691.1199369999999
ACC873686202927,1,1843.82,1,0,1.0,0,2.0,618.4382,618.5504609999989
ACC875137198773,1,8928.29,0,1,0.0,0,3.0,339.28290000000004,339.3028189999994
ACC875636457796,1,3209.74,1,0,1.0,0,2.0,632.0974,632.0263419999995
ACC876341472448,1,9732.67,1,0,1.0,0,1.0,697.3267,697.272274
ACC877496573197,1,7258.12,1,0,1.0,0,1.0,672.5812,672.4853770000004
ACC877508849922,1,6753.38,1,0,1.0,0,1.0,667.5338,667.5530369999998
ACC877588343337,1,5702.27,1,0,1.0,0,0.0,657.0227,656.8659519999994
ACC877812387263,1,4916.69,0,1,0.0,0,0.0,300.0,300.0
ACC878547417572,1,7624.89,0,1,0.0,0,1.0,326.2489,326.26594699999964
ACC878879780172,1,1084.16,1,0,1.0,0,4.0,610.8416,610.814791
ACC879320874854,1,317.5,1,0,1.0,0,2.0,603.175,603.2781230000003
ACC879532200981,1,4409.73,1,0,1.0,0,3.0,644.0973,644.1144050000004
ACC880377059173,1,4786.29,1,0,1.0,0,0.0,647.8629,647.8376099999998
ACC881627073399,1,3780.82,1,0,1.0,0,1.0,637.8081999999999,638.3533619999998
ACC882294440496,1,5472.43,0,1,0.0,0,3.0,304.72429999999997,304.53416599999974
ACC884937204634,1,284.1,0,1,0.0,0,3.0,300.0,300.0
ACC885199853260,1,6571.83,1,0,1.0,0,3.0,665.7183,665.7649549999999
ACC885787745855,1,468.95,0,1,0.0,0,5.0,300.0,300.0
ACC887257537809,1,5616.23,0,1,0.0,0,0.0,306.1623,306.14384200000006
ACC890149428186,1,1648.69,0,1,0.0,0,0.0,300.0,300.0
ACC891881260011,1,8302.86,0,1,0.0,0,3.0,333.0286,333.0182800000002
ACC892100978589,1,2118.43,1,0,1.0,0,3.0,621.1843,621.1682350000005
ACC893086305847,1,7577.61,0,1,0.0,0,1.0,325.7761,325.7231089999998
ACC893595111316,1,3751.94,0,1,0.0,0,4.0,300.0,300.0
ACC894254359993,1,4856.82,0,1,0.0,0,3.0,300.0,300.0
ACC894556307387,1,1181.7,0,1,0.0,0,3.0,300.0,300.0
ACC894769718256,1,1622.73,0,1,0.0,0,2.0,300.0,300.0
ACC894846843522,1,5437.5,1,0,1.0,0,1.0,654.375,654.4065899999997
ACC895970692297,1,7230.47,1,0,1.0,0,0.0,672.3047,672.2839430000005
ACC896324909035,1,1764.9,0,1,0.0,0,0.0,300.0,300.0
ACC897061655507,1,4948.59,1,0,1.0,0,2.0,649.4859,649.3940010000002
ACC897083805976,1,4149.21,0,1,0.0,0,0.0,300.0,300.0
ACC897469820214,1,5114.42,0,1,0.0,0,1.0,301.1442,301.2764769999997
ACC897547780360,1,6072.01,0,1,0.0,0,5.0,310.7201,310.69972299999966
ACC898785902841,1,3298.1,1,0,1.0,0,1.0,632.981,632.9806509999997
ACC899513327031,1,1891.88,1,0,1.0,0,5.0,618.9188,618.9270689999993
ACC900238193514,1,6635.4,1,0,1.0,0,2.0,666.354,666.380756
ACC900540606525,1,7187.59,0,1,0.0,0,3.0,321.8759,321.88395799999967
ACC900919704418,1,5229.7,1,0,1.0,0,3.0,652.297,652.1927429999995
ACC901964639510,1,1578.48,0,1,0.0,0,0.0,300.0,300.0
ACC903737768602,1,7625.26,0,1,0.0,0,1.0,326.25260000000003,326.2686769999996
ACC904623352272,1,1917.34,1,0,1.0,0,0.0,619.1734,619.1968009999995
ACC904693251729,1,8874.76,0,1,0.0,0,2.0,338.74760000000003,338.8492579999995
ACC906164780322,1,8971.36,0,1,0.0,0,1.0,339.7136,339.6172199999994
ACC906998258308,1,3936.02,1,0,1.0,0,5.0,639.3602,639.3756720000008
ACC907117081577,1,5462.17,0,1,0.0,0,0.0,304.62170000000003,304.58770999999984
ACC907996480133,1,2762.24,0,1,0.0,0,1.0,300.0,300.0
ACC909974538788,1,8775.2,0,1,0.0,0,5.0,337.752,337.65941500000037
ACC910288930441,1,4495.43,0,1,0.0,0,1.0,300.0,300.0
ACC911388929334,1,5514.92,1,0,1.0,0,5.0,655.1492,655.0210749999994
ACC911759668661,1,6459.62,0,1,0.0,0,4.0,314.5962,314.705623
ACC912041067307,1,4681.73,1,0,1.0,0,4.0,646.8173,646.7962640000009
ACC913550752537,1,4398.4,1,0,1.0,0,4.0,643.984,644.0547719999992
ACC913948004634,1,4822.63,0,1,0.0,0,5.0,300.0,300.0
ACC915896139758,1,2128.68,0,1,0.0,0,1.0,300.0,300.0
ACC916039231265,1,3491.29,1,0,1.0,0,4.0,634.9129,634.9397630000007
ACC916103562998,1,6368.61,1,0,1.0,0,3.0,663.6861,663.6809689999998
ACC917521293772,1,7734.31,0,1,0.0,0,3.0,327.3431,327.6090289999995
ACC917699074752,1,6717.59,0,1,0.0,0,2.0,317.1759,317.2765949999994
ACC918295935311,1,2313.98,0,1,0.0,0,0.0,300.0,300.0
ACC919889565451,1,1560.48,1,0,1.0,0,4.0,615.6048,615.6135650000001
ACC920112297975,1,2145.44,1,0,1.0,0,3.0,621.4544,621.2164840000006
ACC920484059685,1,6492.15,0,1,0.0,0,3.0,314.9215,314.9044210000001
ACC923336269366,1,2027.52,1,0,1.0,0,5.0,620.2752,620.2370680000008
ACC923862324661,1,3060.99,1,0,1.0,0,5.0,630.6099,630.649645
ACC927402086542,1,7066.4,0,1,0.0,0,3.0,320.664,320.6894500000001
ACC928495840899,1,6532.86,0,1,0.0,0,1.0,315.3286,315.28468400000025
ACC929046672989,1,5862.08,0,1,0.0,0,0.0,308.62080000000003,308.6251200000003
ACC931038564199,1,5552.96,1,0,1.0,0,0.0,655.5296,655.5114240000007
ACC931299150856,1,6280.41,0,1,0.0,0,4.0,312.8041,312.8034710000001
ACC931634787310,1,9882.46,1,0,1.0,0,0.0,698.8246,698.645855
ACC932052988563,1,5005.27,0,1,0.0,0,4.0,300.0527,300.017528
ACC932620928735,1,7802.28,0,1,0.0,0,1.0,328.0228,328.08840399999974
ACC934245329519,1,8363.07,1,0,1.0,0,2.0,683.6306999999999,683.6432620000008
ACC935293157856,1,8027.64,0,1,0.0,0,0.0,330.2764,330.3233459999998
ACC935766832141,1,9774.2,0,1,0.0,0,5.0,347.742,347.69779199999925
ACC936150063279,1,2096.15,1,0,1.0,0,0.0,620.9615,621.0699269999998
ACC937141569024,1,430.93,0,1,0.0,0,5.0,300.0,300.0
ACC937171215247,1,1123.05,0,1,0.0,0,1.0,300.0,300.0
ACC937436617720,1,762.94,0,1,0.0,0,4.0,300.0,300.0
ACC940037067241,1,1969.67,1,0,1.0,0,5.0,619.6967,619.715915
ACC940330149492,1,5496.07,1,0,1.0,0,1.0,654.9607,654.9717590000005
ACC940435793074,1,4664.65,0,1,0.0,0,3.0,300.0,300.0
ACC943015710821,1,4997.98,1,0,1.0,0,0.0,649.9798,649.8804569999994
ACC943597601197,1,7996.64,1,0,1.0,0,3.0,679.9664,679.9704169999994
ACC945608981672,1,9616.57,1,0,1.0,0,3.0,696.1657,696.3329030000007
ACC946167730615,1,3647.13,1,0,1.0,0,3.0,636.4713,636.4629469999996
ACC947028787025,1,9110.44,1,0,1.0,0,2.0,691.1043999999999,691.1345619999988
ACC947568142939,1,6154.61,1,0,1.0,0,5.0,661.5461,661.5259470000004
ACC948342351089,1,4620.61,0,1,0.0,0,2.0,300.0,300.0
ACC949152831854,1,1010.51,1,0,1.0,0,2.0,610.1051,610.1024360000001
ACC951110716935,1,880.6,0,1,0.0,0,1.0,300.0,300.0
ACC952652538519,1,5679.0,0,1,0.0,0,0.0,306.79,306.8174500000003
ACC953640921355,1,87.63,1,0,1.0,0,2.0,600.8763,600.9204880000012
ACC953990874798,1,6070.94,1,0,1.0,0,5.0,660.7094,660.7121270000002
ACC956640856183,1,7009.88,0,1,0.0,0,4.0,320.0988,320.07524299999994
ACC956646443373,1,429.49,1,0,1.0,0,2.0,604.2949,604.3152650000005
ACC956741989508,1,5703.69,0,1,0.0,0,4.0,307.0369,307.07539999999966
ACC958428025963,1,2857.23,1,0,1.0,0,2.0,628.5723,628.5688119999996
ACC959197507636,1,4009.44,1,0,1.0,0,3.0,640.0944,640.1523580000007
ACC959565425457,1,5952.46,0,1,0.0,0,4.0,309.5246,309.43218800000045
ACC959830545990,1,9135.37,0,1,0.0,0,0.0,341.3537,341.3066109999999
ACC960729940461,1,2354.64,1,0,1.0,0,3.0,623.5464,623.5948639999997
ACC960914399625,1,5915.35,1,0,1.0,0,1.0,659.1535,659.2469570000003
ACC961641451778,1,633.28,1,0,1.0,0,1.0,606.3328,606.2894359999988
ACC961999821341,1,4723.68,0,1,0.0,0,2.0,300.0,300.0
ACC963532683226,1,3779.4,0,1,0.0,0,5.0,300.0,300.0
ACC964574867758,1,4477.86,1,0,1.0,0,4.0,644.7786,644.8242429999997
ACC965576646284,1,4191.37,0,1,0.0,0,1.0,300.0,300.0
ACC966707858694,1,7381.27,1,0,1.0,0,1.0,673.8127,673.7702890000004
ACC967502698825,1,4211.95,1,0,1.0,0,5.0,642.1195,642.1342860000001
ACC968461317753,1,8870.25,1,0,1.0,0,2.0,688.7025,688.7708179999997
ACC969522957478,1,1480.25,0,1,0.0,0,5.0,300.0,300.0
ACC969587178879,1,4168.76,1,0,1.0,0,0.0,641.6876,641.7100239999993
ACC969820383210,1,8211.73,1,0,1.0,0,3.0,682.1173,682.1370589999992
ACC970437240668,1,5990.15,0,1,0.0,0,2.0,309.9015,309.77585000000005
ACC970456141117,1,3189.29,0,1,0.0,0,3.0,300.0,300.0
ACC970646015307,1,9801.0,0,1,0.0,0,1.0,348.01,347.99197799999956
ACC970670210576,1,3247.45,0,1,0.0,0,4.0,300.0,300.0
ACC970904542458,1,2922.81,0,1,0.0,0,5.0,300.0,300.0
ACC972667885896,1,234.67,1,0,1.0,0,4.0,602.3467,602.4174749999996
ACC974059246384,1,1857.78,0,1,0.0,0,4.0,300.0,300.0
ACC974384281988,1,7185.11,1,0,1.0,0,3.0,671.8511,671.911014
ACC975253064915,1,8757.61,0,1,0.0,0,0.0,337.5761,337.5711839999998
ACC975355072165,1,7647.09,1,0,1.0,0,3.0,676.4709,676.6573360000006
ACC975567750756,1,7695.5,0,1,0.0,0,5.0,326.955,326.9475449999997
ACC976164113483,1,258.55,1,0,1.0,0,5.0,602.5855,602.5489650000003
ACC976944898448,1,2869.92,0,1,0.0,0,1.0,300.0,300.0
ACC978828155252,1,9447.78,1,0,1.0,0,0.0,694.4778,694.5116320000002
ACC979978627451,1,5492.98,1,0,1.0,0,4.0,654.9298,654.9269729999997
ACC980329470782,1,7473.15,0,1,0.0,0,3.0,324.7315,324.7194000000002
ACC980539925311,1,4088.08,0,1,0.0,0,1.0,300.0,300.0
ACC981747113737,1,2496.11,1,0,1.0,0,2.0,624.9611,624.8927230000004
ACC983705557760,1,4626.73,0,1,0.0,0,1.0,300.0,300.0
ACC986101734512,1,2125.09,0,1,0.0,0,1.0,300.0,300.0
ACC986315569559,1,8502.02,1,0,1.0,0,0.0,685.0202,685.0099009999997
ACC986402378732,1,4501.77,1,0,1.0,0,0.0,645.0177,644.8977660000007
ACC986504067414,1,9284.66,0,1,0.0,0,5.0,342.84659999999997,342.86812300000037
ACC987581125562,1,3309.79,1,0,1.0,0,0.0,633.0979,633.0364600000001
ACC988207938667,1,8411.12,0,1,0.0,0,2.0,334.1112,333.95324799999963
ACC988340061380,1,4083.25,1,0,1.0,0,0.0,640.8325,640.7452519999993
ACC991260161720,1,8045.16,0,1,0.0,0,0.0,330.4516,330.4096200000001
ACC993256690925,1,9050.34,0,1,0.0,0,4.0,340.5034,340.62620000000004
ACC993446621321,1,3499.18,0,1,0.0,0,2.0,300.0,300.0
ACC994837365524,1,125.14,1,0,1.0,0,1.0,601.2514,601.2635060000005
ACC995284626288,1,7964.76,0,1,0.0,0,3.0,329.6476,329.506961
ACC995484671112,1,358.76,1,0,1.0,0,2.0,603.5876,603.5879849999995
